"","LVMUY","CELH","AMZN","PANW","WDC","SNAP","TSLA","MU","GSK","MRK","GD","LMT","NOC","RTN","BA","MDR","XOM","PXD","ARCH","CL","NGG","VZ","BAX","FMS","SHY","IAU","UUP","NLY","MINT"
"1",0.00150000000000001,0.0185,0.00149999999999999,0.0015,0.0425,0.0015,0.0015,0.00149999999999999,0.05,0.0499999999999999,0.0015,0.00149999999999999,0.0159658104425405,0.00150000000000001,0.00150000000000003,0.0380341895574595,0.047,0.00150000000000002,0.0015,0.025,0.015,0.015,0.015,0.05,0.305,0.1,0.00499999999999991,0.0100000000000001,0.18
"2",0.0015,0.0185,0.0015,0.0015,0.0392830673704863,0.0047169326295137,0.0015,0.00150000000000002,0.05,0.0500000000000001,0.00577215589625133,0.00930498009240243,0.0317803232445763,0.0015,0.00149999999999999,0.0101425407667699,0.047,0.00150000000000001,0.0015,0.0174380227710328,0.0230467542627753,0.015,0.015,0.0495152229661919,0.305,0.1,0.0100000000000001,0.00499999999999994,0.18
"3",0.0015,0.0185,0.0015,0.0015,0.0360893510128661,0.00791064898713392,0.0015,0.0015,0.05,0.05,0.00150000000000001,0.0228638074536376,0.0222065506026742,0.0104296419436882,0.00150000000000001,0.0015,0.0386427036407945,0.00150000000000001,0.00985729635920547,0.0197854554158339,0.05,0.015,0.015,0.0202145445841661,0.3,0.1,0.0150000000000001,0.00499999999999993,0.18
"4",0.0015,0.0185,0.0015,0.0181195921621226,0.0213924442693545,0.0059879635685229,0.0015,0.00150000000000001,0.05,0.05,0.00150000000000001,0.0300911328342364,0.0183449881408484,0.00706387902491517,0.00150000000000002,0.0015,0.0345390052544515,0.0015,0.0139609947455485,0.0161586070110858,0.05,0.0238413929889142,0.015,0.015,0.3,0.1,0.015,0.00499999999999995,0.18
"5",0.0015,0.0185,0.0015,0.0374867241906239,0.0044895206948872,0.00352375511448894,0.0015,0.00150000000000001,0.05,0.05,0.00150000000000002,0.0383039244636106,0.0156960755363894,0.0015,0.00150000000000003,0.0015,0.0313202623265553,0.00149999999999999,0.0171797376734447,0.015,0.0429401460710935,0.0320598539289065,0.015,0.015,0.3,0.1,0.015,0.00499999999999998,0.18
"6",0.0135743670966651,0.00642563290333492,0.0015,0.0425,0.0015,0.0015,0.0015,0.00150000000000001,0.05,0.05,0.00150000000000004,0.0307076006725239,0.0015,0.00150000000000001,0.0232923993274761,0.0015,0.00623485820902603,0.00149999999999997,0.042265141790974,0.015,0.025,0.05,0.015,0.015,0.3,0.1,0.015,0.00500000000000001,0.18
