"","LVMUY","CELH","AMZN","PANW","WDC","TSLA","MU","GSK","MRK","GD","LMT","NOC","RTN","BA","MDR","XOM","PXD","CL","NGG","VZ","BAX","FMS","SHY","IAU","UUP","NLY","MINT","mean","mu"
"1",0.0185,0.0015,0.0015,0.0015,0.0440000000000003,0.00149999999999999,0.00150000000000001,0.05,0.05,0.0134760936532944,0.00150000000000001,0.00149999999999995,0.0015,0.00149999999999996,0.0405239063467056,0.0485,0.0015,0.015,0.05,0.015,0.015,0.0250000000000001,0.3,0.1,0.00500000000000004,0.0149999999999996,0.18,4.96359440113497e-05,4.96359440113497e-05
"2",0.0185,0.0015,0.0155105841005477,0.0152045619472565,0.016284853952196,0.0015,0.0015,0.05,0.05,0.0015,0.0432668307124907,0.0015,0.0107331692875093,0.00150000000000001,0.0015,0.0485,0.0015,0.0167026562694841,0.0361088755908019,0.037188468139714,0.015,0.015,0.3,0.1,0.0149999999999999,0.00500000000000001,0.18,0.000123980709761595,0.000123980709761595
"3",0.00932687842484215,0.0106731215751578,0.0274547966333048,0.00636988820990953,0.0015,0.0131753151567857,0.0015,0.05,0.05,0.00149999999999999,0.027420798936062,0.0265792010639379,0.00150000000000001,0.00150000000000001,0.0015,0.0485000000000002,0.0015,0.015,0.015,0.0326733380952683,0.0423266619047317,0.015,0.3,0.1,0.0149999999999999,0.00499999999999999,0.18,0.00019832547551184,0.00019832547551184
"4",0.0015,0.0185,0.0131521143436477,0.0015,0.00149999999999999,0.0323478856563523,0.0015,0.0500000000000002,0.05,0.00150000000000005,0.0015,0.0224320441120693,0.00150000000000002,0.0315679558879306,0.0015,0.0015,0.0485,0.015,0.015,0.025,0.05,0.015,0.3,0.1,0.0149999999999999,0.00499999999999998,0.18,0.000272670241262085,0.000272670241262085
